"cliente_id","idade","frequencia_mensal","gasto_medio","pct_compras_com_desconto","whatsapp_envios","whatsapp_respostas","categoria_preferida","taxa_resposta_whatsapp","classe_cliente"
"C0017f4ca","41","1.09","420.34","16.7","5","3","Laticínios","0.60000000000000000000","Alto Valor Ticket Médio"
"C01418abf","53","1.06","343.02","5.6","2","1","Laticínios","0.50000000000000000000","Alto Valor Ticket Médio"
"C01f7a2b5","34","1.10","380.47","22.2","4","1","Laticínios","0.25000000000000000000","Alto Valor Ticket Médio"
"C02781890","36","1.18","305.87","11.1","1","0","Laticínios","0.00000000000000000000","Familiar Mensalista"
"C02adda22","49","1.02","366.82","17.6","4","2","Mercearia","0.50000000000000000000","Alto Valor Ticket Médio"
"C035ebe3f","39","4.04","191.60","13.2","5","5","Limpeza","1.00000000000000000000","Reativo a Promoções"
"C0420fb51","39","4.70","145.87","12.0","5","4","Laticínios","0.80000000000000000000","Fiel Econômico"
"C059a52a6","34","3.88","144.55","11.6","4","3","Laticínios","0.75000000000000000000","Fiel Econômico"
"C05a7f1b7","28","2.03","137.72","11.4","5","4","Limpeza","0.80000000000000000000","Reativo a Promoções"
"C05b4d7f5","55","1.12","373.26","22.2","4","2","Laticínios","0.50000000000000000000","Alto Valor Ticket Médio"
"C0602e6e7","30","1.13","348.40","16.7","2","0","Laticínios","0.00000000000000000000","Alto Valor Ticket Médio"
"C064a4652","21","1.03","326.36","0.0","1","0","Laticínios","0.00000000000000000000","Familiar Mensalista"
"C06d58ea9","18","2.11","344.08","8.6","3","0","Laticínios","0.00000000000000000000","Alto Valor Ticket Médio"
"C06e01359","59","1.06","435.67","11.1","2","0","Laticínios","0.00000000000000000000","Alto Valor Ticket Médio"
"C079c2d81","39","2.00","369.76","8.6","4","0","Limpeza","0.00000000000000000000","Alto Valor Ticket Médio"
"C08bc16c5","47","4.80","139.77","10.6","1","0","Laticínios","0.00000000000000000000","Fiel Econômico"
"C0925e84b","20","2.02","175.03","5.7","2","1","Laticínios","0.50000000000000000000","Familiar Mensalista"
"C09b89cc4","32","6.62","138.44","10.3","4","0","Laticínios","0.00000000000000000000","Fiel Econômico"
"C0aa73d00","56","3.77","141.76","6.1","5","1","Laticínios","0.20000000000000000000","Familiar Mensalista"
"C0b15e3ff","44","1.94","332.72","3.1","3","1","Laticínios","0.33333333333333333333","Familiar Mensalista"
"C0b1cc167","38","6.94","139.89","7.3","4","3","Laticínios","0.75000000000000000000","Reativo a Promoções"
"C0b30e1ca","30","2.09","191.25","19.4","1","0","Padaria","0.00000000000000000000","Familiar Mensalista"
"C0c950c3e","29","3.62","129.36","13.8","4","0","Laticínios","0.00000000000000000000","Familiar Mensalista"
"C0c984178","31","7.82","140.07","13.6","1","0","Laticínios","0.00000000000000000000","Fiel Econômico"
"C0cde91ad","29","1.16","324.83","27.8","3","1","Laticínios","0.33333333333333333333","Familiar Mensalista"
"C0d2d5e58","44","2.04","162.78","8.6","5","4","Laticínios","0.80000000000000000000","Reativo a Promoções"
"C0d470806","54","2.04","169.28","17.6","4","2","Mercearia","0.50000000000000000000","Familiar Mensalista"
"C0d4bbcfe","47","5.52","136.97","11.3","4","1","Laticínios","0.25000000000000000000","Fiel Econômico"
"C0daf5687","57","3.07","173.72","19.2","4","3","Laticínios","0.75000000000000000000","Reativo a Promoções"
"C0dde2400","43","1.14","391.00","11.1","1","0","Limpeza","0.00000000000000000000","Alto Valor Ticket Médio"
"C0e00bf08","22","3.02","141.45","9.6","3","1","Limpeza","0.33333333333333333333","Familiar Mensalista"
"C0e2424fc","18","2.96","134.37","9.6","4","1","Laticínios","0.25000000000000000000","Familiar Mensalista"
"C0e3e7e98","36","3.76","147.53","12.1","1","0","Laticínios","0.00000000000000000000","Familiar Mensalista"
"C0eb4f475","52","1.14","411.99","0.0","3","2","Laticínios","0.66666666666666666667","Alto Valor Ticket Médio"
"C0f929f25","37","3.04","128.20","7.7","5","2","Laticínios","0.40000000000000000000","Familiar Mensalista"
"C0fdad526","28","6.61","149.02","12.8","5","2","Laticínios","0.40000000000000000000","Fiel Econômico"
"C0ff4eb81","42","1.02","322.81","5.6","4","0","Laticínios","0.00000000000000000000","Familiar Mensalista"
"C1000bfc3","36","3.16","149.20","11.5","5","2","Laticínios","0.40000000000000000000","Familiar Mensalista"
"C10329851","48","5.44","132.38","12.5","5","1","Laticínios","0.20000000000000000000","Fiel Econômico"
"C1059f5e6","31","4.71","163.02","15.5","2","1","Laticínios","0.50000000000000000000","Fiel Econômico"
"C106afbc0","31","1.22","361.08","16.7","3","3","Laticínios","1.00000000000000000000","Alto Valor Ticket Médio"
"C107144be","37","1.17","248.92","0.0","4","2","Limpeza","0.50000000000000000000","Familiar Mensalista"
"C108954c2","50","1.09","339.85","16.7","4","0","Laticínios","0.00000000000000000000","Alto Valor Ticket Médio"
"C11137519","18","3.89","147.88","4.4","1","0","Laticínios","0.00000000000000000000","Fiel Econômico"
"C112a0878","49","2.02","329.38","20.0","5","3","Laticínios","0.60000000000000000000","Familiar Mensalista"
"C119c78c1","56","2.14","199.62","8.6","5","4","Limpeza","0.80000000000000000000","Reativo a Promoções"
"C1205b4eb","46","3.79","184.38","11.9","4","4","Laticínios","1.00000000000000000000","Reativo a Promoções"
"C132a8e02","44","4.09","181.74","9.0","1","1","Laticínios","1.00000000000000000000","Reativo a Promoções"
"C142741c7","52","2.08","162.96","11.4","2","1","Laticínios","0.50000000000000000000","Familiar Mensalista"
"C14298885","71","1.12","284.82","0.0","1","1","Laticínios","1.00000000000000000000","Reativo a Promoções"
"C145bbacc","18","1.10","195.78","5.6","5","4","Laticínios","0.80000000000000000000","Reativo a Promoções"
"C148a5a4e","59","1.04","270.69","5.6","4","2","Laticínios","0.50000000000000000000","Familiar Mensalista"
"C156862d6","30","0.99","291.44","11.8","4","0","Laticínios","0.00000000000000000000","Familiar Mensalista"
"C1581dcbb","48","1.08","362.51","27.8","4","1","Limpeza","0.25000000000000000000","Alto Valor Ticket Médio"
"C15f28922","35","1.14","278.85","0.0","5","2","Laticínios","0.40000000000000000000","Familiar Mensalista"
"C1614e5ad","51","1.02","406.51","16.7","4","1","Padaria","0.25000000000000000000","Alto Valor Ticket Médio"
"C16ceb193","60","1.14","303.66","5.6","4","0","Laticínios","0.00000000000000000000","Familiar Mensalista"
"C16cfb4cc","19","0.93","402.29","6.3","5","1","Mercearia","0.20000000000000000000","Alto Valor Ticket Médio"
"C16fb4ebb","40","3.93","143.97","11.9","1","1","Laticínios","1.00000000000000000000","Fiel Econômico"
"C1714a355","27","1.99","181.65","17.1","1","1","Mercearia","1.00000000000000000000","Reativo a Promoções"
"C177b07c7","38","1.99","196.60","5.7","4","3","Limpeza","0.75000000000000000000","Reativo a Promoções"
"C17897eff","25","1.21","342.78","5.6","2","0","Laticínios","0.00000000000000000000","Alto Valor Ticket Médio"
"C178f7fe9","18","3.05","200.72","7.5","4","2","Laticínios","0.50000000000000000000","Familiar Mensalista"
"C183efd5a","35","1.08","387.07","11.1","5","1","Higiene","0.20000000000000000000","Alto Valor Ticket Médio"
"C1868f487","43","5.48","138.11","6.2","1","1","Limpeza","1.00000000000000000000","Reativo a Promoções"
"C1878b727","38","3.91","136.57","14.5","1","1","Limpeza","1.00000000000000000000","Fiel Econômico"
"C189bfa40","53","3.93","146.84","6.0","5","1","Laticínios","0.20000000000000000000","Fiel Econômico"
"C195b86c1","40","5.49","145.98","11.3","2","2","Laticínios","1.00000000000000000000","Fiel Econômico"
"C1a76ec9d","51","2.29","180.96","8.6","2","0","Laticínios","0.00000000000000000000","Familiar Mensalista"
"C1b530fe2","54","2.88","137.36","5.9","2","1","Laticínios","0.50000000000000000000","Familiar Mensalista"
"C1bddd525","58","4.63","132.65","6.2","3","2","Laticínios","0.66666666666666666667","Reativo a Promoções"
"C1c50fe81","52","4.74","149.09","9.5","1","0","Laticínios","0.00000000000000000000","Fiel Econômico"
"C1c6ff425","35","3.84","134.48","10.4","5","2","Laticínios","0.40000000000000000000","Fiel Econômico"
"C1c9d25b6","57","2.91","177.53","16.0","2","2","Limpeza","1.00000000000000000000","Reativo a Promoções"
"C1d252c0d","28","1.31","353.03","5.6","2","1","Higiene","0.50000000000000000000","Alto Valor Ticket Médio"
"C1d54d42c","26","2.92","168.37","17.3","4","4","Limpeza","1.00000000000000000000","Reativo a Promoções"
"C1d8056db","64","2.85","179.18","7.8","4","1","Laticínios","0.25000000000000000000","Familiar Mensalista"
"C1dade595","43","4.81","194.87","19.0","5","4","Laticínios","0.80000000000000000000","Reativo a Promoções"
"C1dc006e7","43","1.05","338.52","11.1","3","2","Mercearia","0.66666666666666666667","Alto Valor Ticket Médio"
"C1ddbd998","23","3.09","148.76","1.9","4","1","Laticínios","0.25000000000000000000","Familiar Mensalista"
"C1dee58ca","53","1.03","365.21","11.1","3","3","Laticínios","1.00000000000000000000","Alto Valor Ticket Médio"
"C1e175e92","46","2.97","151.04","5.9","5","2","Laticínios","0.40000000000000000000","Familiar Mensalista"
"C1f240271","24","8.08","142.38","11.9","1","1","Laticínios","1.00000000000000000000","Fiel Econômico"
"C203ef4b2","18","1.05","325.08","11.1","3","2","Carnes","0.66666666666666666667","Reativo a Promoções"
"C21163749","18","1.19","395.65","5.6","3","1","Laticínios","0.33333333333333333333","Alto Valor Ticket Médio"
"C2118804b","65","5.19","133.53","10.2","5","4","Laticínios","0.80000000000000000000","Reativo a Promoções"
"C213b671d","41","6.44","137.66","7.8","1","1","Limpeza","1.00000000000000000000","Reativo a Promoções"
"C21c1035d","32","1.11","347.44","22.2","2","2","Carnes","1.00000000000000000000","Alto Valor Ticket Médio"
"C226b5b2c","30","1.14","343.80","11.1","5","2","Mercearia","0.40000000000000000000","Alto Valor Ticket Médio"
"C2275598f","33","3.04","144.89","15.7","3","2","Laticínios","0.66666666666666666667","Reativo a Promoções"
"C2350274f","58","0.96","384.41","11.8","5","1","Laticínios","0.20000000000000000000","Alto Valor Ticket Médio"
"C23d423c4","29","2.12","189.58","19.4","1","1","Mercearia","1.00000000000000000000","Reativo a Promoções"
"C23da972b","18","1.06","302.53","11.1","5","2","Laticínios","0.40000000000000000000","Familiar Mensalista"
"C23e1706d","46","6.16","136.28","13.1","3","2","Limpeza","0.66666666666666666667","Fiel Econômico"
"C2409f348","40","1.08","295.45","0.0","4","1","Laticínios","0.25000000000000000000","Familiar Mensalista"
"C25cb9b47","51","1.91","179.81","5.9","1","1","Limpeza","1.00000000000000000000","Reativo a Promoções"
"C25f60d3f","28","3.03","180.82","7.5","1","1","Laticínios","1.00000000000000000000","Reativo a Promoções"
"C2798a6bd","43","1.14","364.86","16.7","5","1","Limpeza","0.20000000000000000000","Alto Valor Ticket Médio"
"C27e0a2d9","34","1.98","185.01","5.7","4","4","Laticínios","1.00000000000000000000","Reativo a Promoções"
"C27e6f35d","31","1.11","330.47","0.0","5","0","Laticínios","0.00000000000000000000","Familiar Mensalista"
"C280d13d0","35","1.21","350.00","16.7","5","1","Limpeza","0.20000000000000000000","Alto Valor Ticket Médio"
"C288a2b56","26","5.46","132.43","8.4","5","4","Laticínios","0.80000000000000000000","Reativo a Promoções"
"C28df0de7","45","2.04","177.28","13.9","3","3","Laticínios","1.00000000000000000000","Reativo a Promoções"
"C28f1f6dd","34","2.14","174.39","13.9","2","2","Laticínios","1.00000000000000000000","Reativo a Promoções"
"C2943ee74","23","1.09","308.61","0.0","5","3","Laticínios","0.60000000000000000000","Familiar Mensalista"
"C295273cc","32","4.78","133.16","7.1","2","1","Laticínios","0.50000000000000000000","Fiel Econômico"
"C2a6cff63","27","4.75","137.25","7.1","3","1","Laticínios","0.33333333333333333333","Fiel Econômico"
"C2a8b6717","48","4.02","176.33","4.6","2","2","Laticínios","1.00000000000000000000","Reativo a Promoções"
"C2aa1c5af","42","5.55","150.97","15.3","4","1","Laticínios","0.25000000000000000000","Fiel Econômico"
"C2b36d6e6","45","1.03","300.66","0.0","4","0","Laticínios","0.00000000000000000000","Familiar Mensalista"
"C2b4ce7fa","29","4.75","145.03","14.5","5","2","Bebidas","0.40000000000000000000","Fiel Econômico"
"C2bbf3b9e","33","3.62","168.75","18.8","5","5","Laticínios","1.00000000000000000000","Reativo a Promoções"
"C2c82d6a5","51","3.70","188.23","9.1","1","0","Limpeza","0.00000000000000000000","Familiar Mensalista"
"C2cdfb9c5","43","4.51","147.13","10.0","4","2","Laticínios","0.50000000000000000000","Fiel Econômico"
"C2ceeb9c4","35","3.17","178.48","11.3","3","2","Limpeza","0.66666666666666666667","Reativo a Promoções"
"C2d781e2d","26","5.53","138.57","12.1","4","3","Limpeza","0.75000000000000000000","Fiel Econômico"
"C2db6cf1a","43","1.29","364.67","5.6","3","1","Laticínios","0.33333333333333333333","Alto Valor Ticket Médio"
"C2e117b79","35","1.06","347.24","16.7","4","0","Limpeza","0.00000000000000000000","Alto Valor Ticket Médio"
"C2e2ff7d9","21","3.07","144.26","11.5","4","3","Laticínios","0.75000000000000000000","Reativo a Promoções"
"C2e3a6dec","41","4.28","144.37","11.6","4","3","Laticínios","0.75000000000000000000","Fiel Econômico"
"C2f97b9ec","39","5.50","153.12","12.2","5","4","Laticínios","0.80000000000000000000","Fiel Econômico"
"C2fa54aa6","19","3.19","196.89","11.3","4","3","Limpeza","0.75000000000000000000","Reativo a Promoções"
"C307896f1","41","2.89","167.75","7.8","1","0","Limpeza","0.00000000000000000000","Familiar Mensalista"
"C307fd69f","53","1.03","270.91","11.8","4","2","Higiene","0.50000000000000000000","Familiar Mensalista"
"C310721b9","32","1.07","375.91","11.1","4","1","Laticínios","0.25000000000000000000","Alto Valor Ticket Médio"
"C31b3679c","29","3.74","177.59","16.9","3","2","Limpeza","0.66666666666666666667","Reativo a Promoções"
"C31d343e6","44","1.06","297.06","16.7","5","3","Laticínios","0.60000000000000000000","Familiar Mensalista"
"C321ae461","49","1.07","346.49","11.1","2","0","Laticínios","0.00000000000000000000","Alto Valor Ticket Médio"
"C3261501d","31","1.28","308.73","11.8","5","2","Mercearia","0.40000000000000000000","Familiar Mensalista"
"C334a306e","44","1.08","310.13","5.6","3","0","Limpeza","0.00000000000000000000","Familiar Mensalista"
"C33872b9a","54","5.59","144.13","14.1","3","2","Laticínios","0.66666666666666666667","Fiel Econômico"
"C33950be4","49","3.87","128.93","14.9","5","1","Laticínios","0.20000000000000000000","Fiel Econômico"
"C33c4f7a7","44","1.06","355.76","0.0","1","0","Carnes","0.00000000000000000000","Alto Valor Ticket Médio"
"C33ebad2a","44","0.94","410.68","6.3","4","0","Mercearia","0.00000000000000000000","Alto Valor Ticket Médio"
"C33ee517b","53","1.98","190.66","11.8","4","3","Laticínios","0.75000000000000000000","Reativo a Promoções"
"C3429a52d","64","2.17","176.77","13.9","4","4","Limpeza","1.00000000000000000000","Reativo a Promoções"
"C3566dc67","47","3.02","164.15","7.5","2","2","Limpeza","1.00000000000000000000","Reativo a Promoções"
"C3844c148","39","1.07","431.09","5.6","4","0","Laticínios","0.00000000000000000000","Alto Valor Ticket Médio"
"C387ea43b","60","4.92","134.58","9.2","4","0","Limpeza","0.00000000000000000000","Fiel Econômico"
"C38967aa3","24","1.03","176.11","17.6","2","2","Laticínios","1.00000000000000000000","Reativo a Promoções"
"C38ea1fc2","31","2.05","173.42","5.6","3","3","Laticínios","1.00000000000000000000","Reativo a Promoções"
"C39292049","42","1.85","178.37","3.1","1","1","Limpeza","1.00000000000000000000","Reativo a Promoções"
"C398b8a1e","46","1.17","290.20","11.1","4","1","Limpeza","0.25000000000000000000","Familiar Mensalista"
"C3a2170b0","50","3.95","151.25","11.4","2","2","Laticínios","1.00000000000000000000","Fiel Econômico"
"C3aef3b13","59","5.45","131.21","11.6","5","1","Limpeza","0.20000000000000000000","Fiel Econômico"
"C3b4e8c87","31","4.88","139.84","3.7","4","1","Limpeza","0.25000000000000000000","Fiel Econômico"
"C3bcd258b","39","4.55","133.57","11.1","3","1","Laticínios","0.33333333333333333333","Fiel Econômico"
"C3c18ba03","59","1.19","188.84","5.6","5","4","Laticínios","0.80000000000000000000","Reativo a Promoções"
"C3c659eef","42","2.11","358.89","8.6","1","0","Limpeza","0.00000000000000000000","Alto Valor Ticket Médio"
"C3ca6e91a","37","1.10","315.64","11.1","4","1","Laticínios","0.25000000000000000000","Familiar Mensalista"
"C3cdf7f36","31","2.94","176.91","7.7","4","2","Limpeza","0.50000000000000000000","Familiar Mensalista"
"C3d6f2b22","31","1.18","306.48","11.1","5","2","Limpeza","0.40000000000000000000","Familiar Mensalista"
"C3dc7d2c4","34","1.28","295.88","5.6","1","0","Higiene","0.00000000000000000000","Familiar Mensalista"
"C3e2566f4","26","1.12","180.39","16.7","4","2","Carnes","0.50000000000000000000","Familiar Mensalista"
"C3edcfd23","41","1.13","360.14","0.0","2","1","Laticínios","0.50000000000000000000","Alto Valor Ticket Médio"
"C3f44dca9","44","1.04","306.57","5.6","2","0","Laticínios","0.00000000000000000000","Familiar Mensalista"
"C3f631175","41","7.18","142.92","9.4","3","0","Laticínios","0.00000000000000000000","Fiel Econômico"
"C3f651e6a","39","4.75","155.08","16.7","1","0","Limpeza","0.00000000000000000000","Fiel Econômico"
"C3f6ce319","36","5.37","154.69","9.6","5","4","Laticínios","0.80000000000000000000","Reativo a Promoções"
"C3fec89ab","31","3.13","177.79","17.3","1","1","Limpeza","1.00000000000000000000","Reativo a Promoções"
"C401ef31d","44","7.11","142.95","11.9","3","2","Limpeza","0.66666666666666666667","Fiel Econômico"
"C4054ad4d","53","6.27","136.55","5.4","5","1","Laticínios","0.20000000000000000000","Fiel Econômico"
"C405ee16d","35","6.21","145.18","7.3","3","1","Laticínios","0.33333333333333333333","Fiel Econômico"
"C40de63f3","27","1.15","309.38","5.6","3","0","Laticínios","0.00000000000000000000","Familiar Mensalista"
"C418cb74d","58","1.03","295.63","16.7","1","0","Laticínios","0.00000000000000000000","Familiar Mensalista"
"C432d8a36","36","1.05","292.05","0.0","2","1","Limpeza","0.50000000000000000000","Familiar Mensalista"
"C43798bb4","54","2.01","186.54","17.1","4","4","Laticínios","1.00000000000000000000","Reativo a Promoções"
"C441b65ed","56","4.55","181.47","7.4","3","2","Laticínios","0.66666666666666666667","Reativo a Promoções"
"C4453dc37","49","2.02","390.46","5.7","5","1","Limpeza","0.20000000000000000000","Alto Valor Ticket Médio"
"C447b9c99","54","2.21","194.99","11.1","4","4","Laticínios","1.00000000000000000000","Reativo a Promoções"
"C44b5ea21","62","1.21","178.73","5.6","3","2","Laticínios","0.66666666666666666667","Reativo a Promoções"
"C44dd31f0","38","1.01","300.51","5.9","5","2","Laticínios","0.40000000000000000000","Familiar Mensalista"
"C455e0090","30","3.92","127.61","8.7","4","3","Laticínios","0.75000000000000000000","Reativo a Promoções"
"C4620984e","18","1.05","342.46","16.7","5","2","Laticínios","0.40000000000000000000","Alto Valor Ticket Médio"
"C463896cf","47","4.75","153.33","6.0","5","2","Limpeza","0.40000000000000000000","Fiel Econômico"
"C46ea69f2","42","1.13","360.63","5.6","4","3","Laticínios","0.75000000000000000000","Alto Valor Ticket Médio"
"C46ed1477","36","4.69","133.32","12.2","1","0","Laticínios","0.00000000000000000000","Fiel Econômico"
"C47143fdb","35","1.10","364.28","11.8","4","1","Laticínios","0.25000000000000000000","Alto Valor Ticket Médio"
"C47685b54","27","1.04","444.72","0.0","4","1","Laticínios","0.25000000000000000000","Alto Valor Ticket Médio"
"C4782426b","36","1.01","273.82","27.8","5","1","Bebidas","0.20000000000000000000","Familiar Mensalista"
"C4875c0dd","42","3.80","182.56","16.2","1","1","Laticínios","1.00000000000000000000","Reativo a Promoções"
"C48c13853","35","2.93","172.84","5.9","2","2","Laticínios","1.00000000000000000000","Reativo a Promoções"
"C48db638b","30","1.18","353.25","33.3","1","0","Laticínios","0.00000000000000000000","Alto Valor Ticket Médio"
"C49d46dd8","76","2.10","189.94","11.4","4","4","Laticínios","1.00000000000000000000","Reativo a Promoções"
"C4a33024d","18","4.92","144.70","8.0","3","1","Limpeza","0.33333333333333333333","Fiel Econômico"
"C4a494e7f","62","1.16","352.11","11.8","2","0","Bebidas","0.00000000000000000000","Alto Valor Ticket Médio"
"C4a638443","36","4.76","142.24","9.4","5","3","Laticínios","0.60000000000000000000","Fiel Econômico"
"C4aed1f3e","18","0.97","308.15","11.8","2","0","Carnes","0.00000000000000000000","Familiar Mensalista"
"C4b51582c","32","1.08","335.90","0.0","2","0","Limpeza","0.00000000000000000000","Familiar Mensalista"
"C4bd8d91a","69","1.09","360.22","22.2","1","0","Limpeza","0.00000000000000000000","Alto Valor Ticket Médio"
"C4dfd70ff","18","5.75","139.98","9.8","5","0","Laticínios","0.00000000000000000000","Fiel Econômico"
"C4e3bb93b","41","6.11","138.61","10.1","1","1","Limpeza","1.00000000000000000000","Reativo a Promoções"
"C4e49c017","42","1.04","196.14","5.6","3","2","Limpeza","0.66666666666666666667","Reativo a Promoções"
"C4e52827e","35","5.70","139.01","5.0","3","1","Laticínios","0.33333333333333333333","Fiel Econômico"
"C4e5a1a30","33","4.75","142.72","9.6","1","0","Laticínios","0.00000000000000000000","Fiel Econômico"
"C4ff016eb","43","3.88","173.98","4.3","5","5","Limpeza","1.00000000000000000000","Reativo a Promoções"
"C502a7d1f","35","5.43","140.07","8.3","2","1","Laticínios","0.50000000000000000000","Fiel Econômico"
"C515fa572","33","2.98","180.03","13.2","3","2","Laticínios","0.66666666666666666667","Reativo a Promoções"
"C51ae994c","36","6.07","133.08","9.3","1","0","Laticínios","0.00000000000000000000","Fiel Econômico"
"C534634ce","48","3.92","180.93","7.5","3","2","Limpeza","0.66666666666666666667","Reativo a Promoções"
"C53838de9","22","1.13","273.43","16.7","3","0","Laticínios","0.00000000000000000000","Familiar Mensalista"
"C538a9098","18","1.13","339.00","5.6","5","1","Limpeza","0.20000000000000000000","Alto Valor Ticket Médio"
"C5393e1ad","26","1.99","169.79","0.0","1","0","Limpeza","0.00000000000000000000","Familiar Mensalista"
"C53bb8ce0","61","7.27","132.83","8.7","2","1","Limpeza","0.50000000000000000000","Fiel Econômico"
"C5500fb78","46","3.79","136.63","10.4","2","2","Limpeza","1.00000000000000000000","Reativo a Promoções"
"C559f26d5","43","2.87","187.05","5.9","1","1","Limpeza","1.00000000000000000000","Reativo a Promoções"
"C55b5b380","33","5.24","136.18","12.8","4","1","Limpeza","0.25000000000000000000","Fiel Econômico"
"C55c11336","36","2.01","377.24","5.7","3","0","Laticínios","0.00000000000000000000","Alto Valor Ticket Médio"
"C571f19f3","34","1.07","379.12","5.6","3","1","Limpeza","0.33333333333333333333","Alto Valor Ticket Médio"
"C576f9bef","49","1.07","316.81","11.8","1","0","Laticínios","0.00000000000000000000","Familiar Mensalista"
"C57ab491f","34","5.48","142.34","12.5","2","1","Laticínios","0.50000000000000000000","Fiel Econômico"
"C57bfc904","44","1.17","364.04","17.6","1","1","Laticínios","1.00000000000000000000","Alto Valor Ticket Médio"
"C57cdeb3e","39","5.85","145.88","13.7","5","3","Laticínios","0.60000000000000000000","Fiel Econômico"
"C57d72bbe","50","2.95","181.19","9.6","4","3","Laticínios","0.75000000000000000000","Reativo a Promoções"
"C57e2f4d2","41","1.97","185.83","11.4","5","4","Laticínios","0.80000000000000000000","Reativo a Promoções"
"C57eddb44","24","2.09","179.48","5.6","1","1","Limpeza","1.00000000000000000000","Reativo a Promoções"
"C591db03a","51","2.98","168.20","7.7","4","4","Limpeza","1.00000000000000000000","Reativo a Promoções"
"C59273aa1","41","5.40","144.25","14.6","5","5","Laticínios","1.00000000000000000000","Fiel Econômico"
"C5972d0d9","19","2.92","162.09","6.0","1","0","Laticínios","0.00000000000000000000","Familiar Mensalista"
"C5b06ce3e","27","4.51","143.01","8.8","3","1","Laticínios","0.33333333333333333333","Fiel Econômico"
"C5b6671b6","40","4.02","143.29","8.6","1","1","Limpeza","1.00000000000000000000","Reativo a Promoções"
"C5bebfcf5","45","5.67","140.72","9.0","5","1","Limpeza","0.20000000000000000000","Fiel Econômico"
"C5c357366","44","1.07","322.90","16.7","4","1","Laticínios","0.25000000000000000000","Familiar Mensalista"
"C5c87bee1","35","3.74","152.08","12.3","3","2","Laticínios","0.66666666666666666667","Reativo a Promoções"
"C5cd00ad3","24","3.71","147.04","10.6","1","0","Laticínios","0.00000000000000000000","Familiar Mensalista"
"C5cf573d5","46","1.10","330.88","11.1","1","0","Limpeza","0.00000000000000000000","Familiar Mensalista"
"C5d2418fc","41","5.57","139.98","10.0","2","0","Laticínios","0.00000000000000000000","Fiel Econômico"
"C5e2d8ba2","44","3.69","186.17","12.3","4","2","Limpeza","0.50000000000000000000","Familiar Mensalista"
"C5e754d42","34","1.19","362.44","22.2","3","1","Limpeza","0.33333333333333333333","Alto Valor Ticket Médio"
"C5e96904d","54","1.07","334.65","5.9","4","2","Laticínios","0.50000000000000000000","Familiar Mensalista"
"C5ebb3a27","46","1.19","323.23","22.2","2","1","Higiene","0.50000000000000000000","Familiar Mensalista"
"C60052fd4","52","2.12","186.39","16.7","3","3","Laticínios","1.00000000000000000000","Reativo a Promoções"
"C6013499e","45","1.94","177.54","17.6","4","2","Laticínios","0.50000000000000000000","Familiar Mensalista"
"C60a3326e","25","1.02","356.13","11.1","4","0","Laticínios","0.00000000000000000000","Alto Valor Ticket Médio"
"C60bec795","21","1.08","312.99","29.4","3","2","Mercearia","0.66666666666666666667","Reativo a Promoções"
"C60daf681","61","1.92","337.15","5.9","2","0","Limpeza","0.00000000000000000000","Alto Valor Ticket Médio"
"C613d5966","40","1.15","360.30","0.0","5","2","Laticínios","0.40000000000000000000","Alto Valor Ticket Médio"
"C61423119","41","1.14","350.52","22.2","5","2","Higiene","0.40000000000000000000","Alto Valor Ticket Médio"
"C617733d4","38","4.66","138.00","9.8","4","3","Limpeza","0.75000000000000000000","Reativo a Promoções"
"C61c77a2f","52","6.48","141.16","11.4","5","3","Laticínios","0.60000000000000000000","Fiel Econômico"
"C6246f13c","38","2.04","177.00","11.8","5","4","Laticínios","0.80000000000000000000","Reativo a Promoções"
"C627063e8","54","1.10","318.17","0.0","3","2","Limpeza","0.66666666666666666667","Reativo a Promoções"
"C62e30de1","44","5.57","145.02","5.2","1","0","Carnes","0.00000000000000000000","Fiel Econômico"
"C62f14a7a","39","5.16","132.91","6.9","5","3","Laticínios","0.60000000000000000000","Fiel Econômico"
"C633bd060","33","4.69","140.29","9.6","3","0","Laticínios","0.00000000000000000000","Fiel Econômico"
"C63426009","18","1.12","328.20","27.8","5","0","Mercearia","0.00000000000000000000","Familiar Mensalista"
"C6343012a","51","3.16","162.87","11.3","4","4","Limpeza","1.00000000000000000000","Reativo a Promoções"
"C63d4263c","39","6.19","136.60","13.5","1","0","Laticínios","0.00000000000000000000","Fiel Econômico"
"C6516365a","22","1.04","325.15","5.6","5","1","Carnes","0.20000000000000000000","Familiar Mensalista"
"C653cfeb8","41","5.76","144.19","7.8","1","1","Laticínios","1.00000000000000000000","Reativo a Promoções"
"C65431a22","33","3.00","196.62","13.5","3","3","Laticínios","1.00000000000000000000","Reativo a Promoções"
"C673f2a08","33","0.95","359.40","23.5","1","0","Laticínios","0.00000000000000000000","Alto Valor Ticket Médio"
"C681ca913","45","1.01","323.09","11.8","5","2","Laticínios","0.40000000000000000000","Familiar Mensalista"
"C6850bef1","23","1.20","341.24","5.9","4","1","Laticínios","0.25000000000000000000","Alto Valor Ticket Médio"
"C686eb482","52","3.09","183.59","5.6","2","2","Limpeza","1.00000000000000000000","Reativo a Promoções"
"C68b1a269","37","1.26","318.50","0.0","3","1","Limpeza","0.33333333333333333333","Familiar Mensalista"
"C68c4159b","45","2.00","179.22","8.8","2","2","Carnes","1.00000000000000000000","Reativo a Promoções"
"C69036112","32","1.08","299.96","11.1","3","1","Mercearia","0.33333333333333333333","Familiar Mensalista"
"C691a6caa","37","6.73","143.14","5.2","4","3","Laticínios","0.75000000000000000000","Reativo a Promoções"
"C696a79e9","41","1.34","316.30","5.9","1","0","Padaria","0.00000000000000000000","Familiar Mensalista"
"C69c23021","34","1.20","276.45","11.1","4","2","Limpeza","0.50000000000000000000","Familiar Mensalista"
"C6a5c1b21","35","6.73","146.31","10.8","2","1","Laticínios","0.50000000000000000000","Fiel Econômico"
"C6ad156ce","18","6.97","138.69","9.6","1","1","Laticínios","1.00000000000000000000","Reativo a Promoções"
"C6b02722b","41","2.14","181.55","2.9","4","2","Limpeza","0.50000000000000000000","Familiar Mensalista"
"C6b2cb6a9","30","3.86","149.61","8.8","1","1","Laticínios","1.00000000000000000000","Reativo a Promoções"
"C6b4664b2","55","1.06","330.08","5.6","4","1","Limpeza","0.25000000000000000000","Familiar Mensalista"
"C6bcd90e3","56","5.40","141.38","8.4","4","1","Laticínios","0.25000000000000000000","Fiel Econômico"
"C6bf50251","48","1.22","321.37","22.2","1","1","Laticínios","1.00000000000000000000","Reativo a Promoções"
"C6c321e27","34","1.03","358.53","23.5","1","0","Carnes","0.00000000000000000000","Alto Valor Ticket Médio"
"C6d54a6f9","41","1.07","321.31","16.7","3","2","Laticínios","0.66666666666666666667","Reativo a Promoções"
"C6dd2a495","35","6.60","135.11","8.7","1","0","Laticínios","0.00000000000000000000","Fiel Econômico"
"C6e3e1012","42","1.17","369.64","5.9","5","1","Limpeza","0.20000000000000000000","Alto Valor Ticket Médio"
"C6e6b3cc7","53","2.48","353.08","14.3","4","2","Laticínios","0.50000000000000000000","Alto Valor Ticket Médio"
"C6e87ea9b","61","1.05","303.88","5.6","3","1","Laticínios","0.33333333333333333333","Familiar Mensalista"
"C6f88a04d","48","2.08","182.69","11.1","3","3","Laticínios","1.00000000000000000000","Reativo a Promoções"
"C6feeb9fd","27","2.91","172.60","13.7","3","3","Laticínios","1.00000000000000000000","Reativo a Promoções"
"C7026289a","54","1.02","315.23","0.0","4","0","Laticínios","0.00000000000000000000","Familiar Mensalista"
"C7040a26a","50","1.13","347.07","11.1","2","2","Laticínios","1.00000000000000000000","Alto Valor Ticket Médio"
"C708d9fee","41","2.07","191.04","5.7","3","3","Limpeza","1.00000000000000000000","Reativo a Promoções"
"C7092c9fe","27","1.08","173.26","23.5","2","0","Laticínios","0.00000000000000000000","Familiar Mensalista"
"C7128f4d9","42","1.14","282.13","5.6","1","0","Laticínios","0.00000000000000000000","Familiar Mensalista"
"C712a933d","46","1.11","323.62","5.9","1","0","Laticínios","0.00000000000000000000","Familiar Mensalista"
"C7196c05f","42","3.97","132.37","12.9","5","3","Laticínios","0.60000000000000000000","Fiel Econômico"
"C72231a64","58","1.20","362.39","5.6","3","0","Mercearia","0.00000000000000000000","Alto Valor Ticket Médio"
"C7272ef43","24","1.22","370.75","5.6","5","2","Limpeza","0.40000000000000000000","Alto Valor Ticket Médio"
"C729ed2e4","18","1.13","385.41","11.1","4","3","Laticínios","0.75000000000000000000","Alto Valor Ticket Médio"
"C72b467c9","49","5.51","144.33","8.1","5","3","Laticínios","0.60000000000000000000","Fiel Econômico"
"C72dff9b5","21","3.83","131.51","18.5","1","1","Laticínios","1.00000000000000000000","Fiel Econômico"
"C73c117f5","43","2.95","185.02","5.8","5","3","Limpeza","0.60000000000000000000","Familiar Mensalista"
"C73d53d4d","59","6.29","140.12","9.3","2","0","Limpeza","0.00000000000000000000","Fiel Econômico"
"C74361340","32","1.10","359.02","22.2","1","0","Limpeza","0.00000000000000000000","Alto Valor Ticket Médio"
"C748821d6","45","7.70","139.62","12.3","5","2","Limpeza","0.40000000000000000000","Fiel Econômico"
"C7547b36a","25","1.42","306.95","11.1","2","0","Bebidas","0.00000000000000000000","Familiar Mensalista"
"C755a0c3e","40","2.08","174.64","8.6","5","4","Laticínios","0.80000000000000000000","Reativo a Promoções"
"C75ae3a7a","49","2.20","174.14","11.1","3","2","Laticínios","0.66666666666666666667","Reativo a Promoções"
"C75ae904b","22","0.96","386.37","5.9","5","3","Limpeza","0.60000000000000000000","Alto Valor Ticket Médio"
"C769d98e4","38","3.74","184.02","13.6","1","1","Laticínios","1.00000000000000000000","Reativo a Promoções"
"C76b392fd","42","2.91","180.88","2.0","4","2","Laticínios","0.50000000000000000000","Familiar Mensalista"
"C7713a555","42","1.07","316.57","16.7","2","1","Laticínios","0.50000000000000000000","Familiar Mensalista"
"C782173e7","48","3.58","147.11","12.7","5","3","Limpeza","0.60000000000000000000","Familiar Mensalista"
"C785073a4","47","6.52","151.71","10.6","1","0","Laticínios","0.00000000000000000000","Fiel Econômico"
"C787cda23","32","1.91","181.28","14.7","3","3","Laticínios","1.00000000000000000000","Reativo a Promoções"
"C79fe3c03","60","2.94","183.83","15.7","2","2","Laticínios","1.00000000000000000000","Reativo a Promoções"
"C7b1a3fa6","23","5.49","129.73","9.4","5","2","Limpeza","0.40000000000000000000","Fiel Econômico"
"C7b73aa42","61","1.05","320.13","0.0","2","1","Limpeza","0.50000000000000000000","Familiar Mensalista"
"C7c05d7e7","37","3.11","132.48","3.7","1","0","Limpeza","0.00000000000000000000","Familiar Mensalista"
"C7c399abc","57","2.93","130.62","13.5","2","0","Higiene","0.00000000000000000000","Familiar Mensalista"
"C7c79a949","42","1.09","154.67","0.0","3","1","Laticínios","0.33333333333333333333","Familiar Mensalista"
"C7cd75dcc","50","8.15","145.69","6.2","2","1","Limpeza","0.50000000000000000000","Fiel Econômico"
"C7ce614c1","31","5.35","147.13","14.1","3","1","Limpeza","0.33333333333333333333","Fiel Econômico"
"C7cfd1558","52","1.47","319.86","23.5","2","1","Laticínios","0.50000000000000000000","Familiar Mensalista"
"C7cfe98ff","31","1.10","279.88","11.8","4","1","Limpeza","0.25000000000000000000","Familiar Mensalista"
"C7d045ff5","42","0.99","384.87","0.0","3","0","Laticínios","0.00000000000000000000","Alto Valor Ticket Médio"
"C7d8b60d2","50","1.06","311.11","22.2","2","1","Laticínios","0.50000000000000000000","Familiar Mensalista"
"C7e62591f","40","6.29","141.84","8.0","4","3","Laticínios","0.75000000000000000000","Reativo a Promoções"
"C7e942816","18","7.30","136.99","7.8","5","3","Laticínios","0.60000000000000000000","Fiel Econômico"
"C7f6295c7","18","7.58","139.68","7.4","2","0","Laticínios","0.00000000000000000000","Fiel Econômico"
"C7f83059e","22","1.16","329.14","16.7","1","1","Laticínios","1.00000000000000000000","Reativo a Promoções"
"C7f974d1a","18","0.98","323.71","11.8","4","1","Laticínios","0.25000000000000000000","Familiar Mensalista"
"C7ff9090b","48","1.00","369.14","17.6","3","0","Laticínios","0.00000000000000000000","Alto Valor Ticket Médio"
"C8035af3b","41","1.01","400.79","5.9","2","0","Limpeza","0.00000000000000000000","Alto Valor Ticket Médio"
"C80f5bb7d","42","1.11","180.94","5.6","1","1","Limpeza","1.00000000000000000000","Reativo a Promoções"
"C8178f642","21","5.70","146.50","11.0","4","2","Laticínios","0.50000000000000000000","Fiel Econômico"
"C826d8595","46","1.03","374.24","5.9","3","3","Limpeza","1.00000000000000000000","Alto Valor Ticket Médio"
"C8280a9a7","36","1.04","343.30","5.6","4","3","Limpeza","0.75000000000000000000","Alto Valor Ticket Médio"
"C82cfd8e8","41","1.09","142.99","0.0","1","0","Limpeza","0.00000000000000000000","Familiar Mensalista"
"C830e3f2e","32","1.98","388.66","11.8","1","0","Laticínios","0.00000000000000000000","Alto Valor Ticket Médio"
"C83115367","35","3.97","181.49","11.6","4","2","Laticínios","0.50000000000000000000","Fiel Econômico"
"C833315fc","38","2.02","193.13","5.9","5","3","Laticínios","0.60000000000000000000","Familiar Mensalista"
"C835cce24","60","0.99","328.59","5.9","4","2","Padaria","0.50000000000000000000","Familiar Mensalista"
"C842673c2","54","7.25","148.83","7.8","3","1","Laticínios","0.33333333333333333333","Fiel Econômico"
"C84e44dc4","30","6.48","145.32","12.9","3","1","Laticínios","0.33333333333333333333","Fiel Econômico"
"C864f0965","53","5.82","138.12","10.9","1","1","Laticínios","1.00000000000000000000","Reativo a Promoções"
"C86caf31b","27","3.87","136.90","2.9","4","3","Limpeza","0.75000000000000000000","Reativo a Promoções"
"C86fc27df","46","1.22","326.72","11.1","1","1","Mercearia","1.00000000000000000000","Reativo a Promoções"
"C880340f3","49","1.05","330.43","16.7","4","1","Limpeza","0.25000000000000000000","Familiar Mensalista"
"C8a1c39b0","58","1.06","323.37","11.1","5","2","Laticínios","0.40000000000000000000","Familiar Mensalista"
"C8a274a90","39","4.77","148.41","10.7","5","3","Limpeza","0.60000000000000000000","Fiel Econômico"
"C8aa885d6","24","7.58","156.39","8.8","1","1","Laticínios","1.00000000000000000000","Reativo a Promoções"
"C8b2d1217","40","2.00","326.48","8.6","1","0","Laticínios","0.00000000000000000000","Familiar Mensalista"
"C8b3219ee","31","1.09","315.96","11.1","5","2","Laticínios","0.40000000000000000000","Familiar Mensalista"
"C8b34e653","40","1.05","319.06","11.1","4","0","Laticínios","0.00000000000000000000","Familiar Mensalista"
"C8b350234","51","1.91","185.88","9.1","5","3","Laticínios","0.60000000000000000000","Familiar Mensalista"
"C8c6518a5","50","2.97","166.77","5.7","4","3","Laticínios","0.75000000000000000000","Reativo a Promoções"
"C8cda85b5","50","4.72","138.16","13.3","5","2","Laticínios","0.40000000000000000000","Fiel Econômico"
"C8d5e5c4a","41","3.02","172.64","7.5","5","3","Limpeza","0.60000000000000000000","Familiar Mensalista"
"C8d661cdd","34","1.05","280.84","0.0","1","1","Limpeza","1.00000000000000000000","Reativo a Promoções"
"C8df02157","35","4.62","139.14","10.1","3","1","Laticínios","0.33333333333333333333","Fiel Econômico"
"C8f02f27f","28","1.99","293.92","5.9","1","0","Laticínios","0.00000000000000000000","Familiar Mensalista"
"C8f41449c","50","1.11","163.41","23.5","4","3","Limpeza","0.75000000000000000000","Reativo a Promoções"
"C8f90254f","32","3.82","178.01","6.0","3","1","Limpeza","0.33333333333333333333","Fiel Econômico"
"C8fd3a85f","30","2.12","186.77","5.7","5","3","Limpeza","0.60000000000000000000","Familiar Mensalista"
"C905948f1","53","2.10","382.58","8.8","2","1","Laticínios","0.50000000000000000000","Alto Valor Ticket Médio"
"C90e197be","58","1.04","365.11","0.0","4","0","Padaria","0.00000000000000000000","Alto Valor Ticket Médio"
"C90e9bdde","40","1.13","266.20","16.7","5","3","Carnes","0.60000000000000000000","Familiar Mensalista"
"C910d6e59","26","1.03","305.70","5.6","1","0","Laticínios","0.00000000000000000000","Familiar Mensalista"
"C91ca18bd","49","1.21","387.97","5.6","3","2","Laticínios","0.66666666666666666667","Alto Valor Ticket Médio"
"C92080675","58","2.06","183.35","13.9","1","0","Limpeza","0.00000000000000000000","Familiar Mensalista"
"C92a3f403","49","3.89","142.40","13.0","3","1","Laticínios","0.33333333333333333333","Fiel Econômico"
"C9378c68e","30","2.15","190.10","8.8","1","1","Limpeza","1.00000000000000000000","Reativo a Promoções"
"C93cbed85","36","2.12","172.09","5.6","2","2","Laticínios","1.00000000000000000000","Reativo a Promoções"
"C94612e0d","24","2.03","161.90","17.1","3","3","Laticínios","1.00000000000000000000","Reativo a Promoções"
"C9469dadb","65","3.08","137.70","5.9","4","0","Laticínios","0.00000000000000000000","Familiar Mensalista"
"C94ea0630","38","3.06","164.18","5.7","1","1","Laticínios","1.00000000000000000000","Reativo a Promoções"
"C956db427","37","1.26","375.06","5.6","5","2","Mercearia","0.40000000000000000000","Alto Valor Ticket Médio"
"C95ea9665","44","4.47","146.52","12.8","4","1","Limpeza","0.25000000000000000000","Fiel Econômico"
"C96e4a5ed","51","5.51","144.63","11.2","3","2","Laticínios","0.66666666666666666667","Fiel Econômico"
"C97c41a80","56","1.01","293.85","11.8","2","1","Laticínios","0.50000000000000000000","Familiar Mensalista"
"C97ce7e29","29","3.81","183.09","8.8","3","3","Laticínios","1.00000000000000000000","Reativo a Promoções"
"C984ce8cf","42","3.05","193.32","3.8","1","1","Laticínios","1.00000000000000000000","Reativo a Promoções"
"C98c2fd7c","49","1.10","315.98","17.6","5","1","Limpeza","0.20000000000000000000","Familiar Mensalista"
"C98f0738b","39","3.09","153.08","1.9","1","1","Mercearia","1.00000000000000000000","Reativo a Promoções"
"C992e4345","37","4.73","139.99","7.2","1","1","Laticínios","1.00000000000000000000","Reativo a Promoções"
"C99b878b8","39","0.97","334.74","5.9","2","2","Laticínios","1.00000000000000000000","Reativo a Promoções"
"C99cdae69","54","5.52","130.74","6.1","1","0","Laticínios","0.00000000000000000000","Fiel Econômico"
"C9a11176e","64","1.02","370.13","22.2","2","1","Limpeza","0.50000000000000000000","Alto Valor Ticket Médio"
"C9a5a9fe5","54","1.31","354.56","5.6","2","0","Carnes","0.00000000000000000000","Alto Valor Ticket Médio"
"C9b4cc1ea","27","1.22","321.55","5.6","2","1","Laticínios","0.50000000000000000000","Familiar Mensalista"
"C9c28de11","55","3.10","190.99","9.3","3","2","Laticínios","0.66666666666666666667","Reativo a Promoções"
"C9c8b2d2b","19","2.00","363.82","2.9","2","0","Laticínios","0.00000000000000000000","Alto Valor Ticket Médio"
"C9c8f2011","44","1.05","367.46","5.6","2","0","Laticínios","0.00000000000000000000","Alto Valor Ticket Médio"
"C9c9c6d55","46","1.23","305.30","12.5","5","0","Laticínios","0.00000000000000000000","Familiar Mensalista"
"C9cd954cf","36","1.06","303.92","5.6","4","1","Laticínios","0.25000000000000000000","Familiar Mensalista"
"C9d33c5de","40","4.46","131.66","12.8","4","1","Laticínios","0.25000000000000000000","Fiel Econômico"
"C9e11920b","23","1.22","292.93","5.6","2","0","Laticínios","0.00000000000000000000","Familiar Mensalista"
"C9eaba863","20","0.97","287.53","5.9","2","0","Laticínios","0.00000000000000000000","Familiar Mensalista"
"C9f1d3866","47","5.87","141.50","8.8","1","0","Laticínios","0.00000000000000000000","Fiel Econômico"
"C9f43f47b","35","2.03","160.83","8.6","3","2","Laticínios","0.66666666666666666667","Reativo a Promoções"
"Ca1159627","38","1.18","364.80","0.0","3","0","Laticínios","0.00000000000000000000","Alto Valor Ticket Médio"
"Ca14c67b4","43","2.99","185.93","13.5","5","3","Limpeza","0.60000000000000000000","Familiar Mensalista"
"Ca1586420","35","3.87","142.38","10.3","3","0","Laticínios","0.00000000000000000000","Fiel Econômico"
"Ca254266e","29","1.01","352.05","0.0","1","0","Limpeza","0.00000000000000000000","Alto Valor Ticket Médio"
"Ca28f9041","33","5.77","134.91","10.9","4","1","Laticínios","0.25000000000000000000","Fiel Econômico"
"Ca2d4cff9","33","0.99","387.97","0.0","5","1","Limpeza","0.20000000000000000000","Alto Valor Ticket Médio"
"Ca31513be","51","1.16","305.47","11.8","4","2","Laticínios","0.50000000000000000000","Familiar Mensalista"
"Ca321c229","40","4.64","176.38","11.1","1","1","Laticínios","1.00000000000000000000","Reativo a Promoções"
"Ca34363b9","45","2.92","182.81","11.5","2","0","Laticínios","0.00000000000000000000","Familiar Mensalista"
"Ca38c88bd","58","1.29","356.21","16.7","4","1","Laticínios","0.25000000000000000000","Alto Valor Ticket Médio"
"Ca464f7b9","53","1.15","361.58","5.9","1","0","Limpeza","0.00000000000000000000","Alto Valor Ticket Médio"
"Ca4adabbc","71","6.64","132.22","8.5","2","0","Laticínios","0.00000000000000000000","Fiel Econômico"
"Ca4de9584","54","1.03","303.83","11.1","1","1","Limpeza","1.00000000000000000000","Reativo a Promoções"
"Ca511b167","29","1.05","203.27","6.3","3","2","Laticínios","0.66666666666666666667","Reativo a Promoções"
"Ca57f04c8","53","3.85","137.04","4.5","4","1","Limpeza","0.25000000000000000000","Fiel Econômico"
"Ca7081057","30","1.14","309.68","22.2","4","2","Laticínios","0.50000000000000000000","Familiar Mensalista"
"Ca70f1dfa","37","1.13","336.47","0.0","2","0","Limpeza","0.00000000000000000000","Familiar Mensalista"
"Ca73681e9","18","1.05","279.59","11.1","3","1","Mercearia","0.33333333333333333333","Familiar Mensalista"
"Ca75dba72","44","3.53","175.00","12.7","3","2","Laticínios","0.66666666666666666667","Reativo a Promoções"
"Ca8b07d40","27","2.89","131.79","3.9","5","0","Limpeza","0.00000000000000000000","Familiar Mensalista"
"Ca8b8ab34","18","2.02","175.93","8.6","1","1","Limpeza","1.00000000000000000000","Reativo a Promoções"
"Ca8f241b5","46","1.28","340.41","16.7","3","0","Mercearia","0.00000000000000000000","Alto Valor Ticket Médio"
"Ca9c8301a","35","3.08","182.00","8.0","3","3","Laticínios","1.00000000000000000000","Reativo a Promoções"
"Caaf721ca","37","1.10","337.66","11.1","2","1","Carnes","0.50000000000000000000","Alto Valor Ticket Médio"
"Cac60807d","38","3.03","157.78","11.3","5","4","Limpeza","0.80000000000000000000","Reativo a Promoções"
"Caca0ccc1","20","1.10","334.93","5.6","5","3","Laticínios","0.60000000000000000000","Familiar Mensalista"
"Cae48c749","53","4.66","146.02","7.3","2","1","Laticínios","0.50000000000000000000","Fiel Econômico"
"Caebc99df","27","4.78","146.80","7.1","4","2","Laticínios","0.50000000000000000000","Fiel Econômico"
"Cafa66fe0","45","4.93","145.54","11.5","1","1","Laticínios","1.00000000000000000000","Fiel Econômico"
"Caff3bb25","55","2.82","168.81","18.4","5","2","Limpeza","0.40000000000000000000","Familiar Mensalista"
"Cb042a2a5","46","2.09","184.80","8.6","2","1","Limpeza","0.50000000000000000000","Familiar Mensalista"
"Cb0e0ab2f","58","1.14","324.66","5.6","2","0","Laticínios","0.00000000000000000000","Familiar Mensalista"
"Cb1232f3e","18","2.06","411.09","11.1","4","0","Mercearia","0.00000000000000000000","Alto Valor Ticket Médio"
"Cb1d82eff","29","2.04","314.02","8.3","2","0","Limpeza","0.00000000000000000000","Familiar Mensalista"
"Cb2b30587","35","1.16","305.15","11.8","3","2","Laticínios","0.66666666666666666667","Reativo a Promoções"
"Cb322ab82","56","3.07","134.95","9.8","1","0","Laticínios","0.00000000000000000000","Familiar Mensalista"
"Cb32d2c4a","41","1.06","263.62","16.7","4","1","Laticínios","0.25000000000000000000","Familiar Mensalista"
"Cb58920bd","52","1.30","334.27","0.0","1","0","Laticínios","0.00000000000000000000","Familiar Mensalista"
"Cb68c1c68","34","6.79","144.18","6.6","5","3","Laticínios","0.60000000000000000000","Fiel Econômico"
"Cb69e0824","36","3.76","150.60","3.0","3","0","Laticínios","0.00000000000000000000","Familiar Mensalista"
"Cb73ac4f5","34","2.14","167.49","5.7","2","2","Limpeza","1.00000000000000000000","Reativo a Promoções"
"Cb73dc9b3","21","3.89","176.44","13.2","3","3","Limpeza","1.00000000000000000000","Reativo a Promoções"
"Cb7503f1a","42","1.31","296.01","11.1","5","2","Laticínios","0.40000000000000000000","Familiar Mensalista"
"Cb8940622","57","6.25","145.86","8.0","5","2","Laticínios","0.40000000000000000000","Fiel Econômico"
"Cb9472ce4","30","3.10","176.90","9.4","4","2","Limpeza","0.50000000000000000000","Familiar Mensalista"
"Cb97c134a","24","3.90","176.60","11.8","3","3","Laticínios","1.00000000000000000000","Reativo a Promoções"
"Cb98605bc","18","5.35","137.83","9.4","5","4","Laticínios","0.80000000000000000000","Reativo a Promoções"
"Cb9cda842","29","5.53","144.98","11.1","2","0","Limpeza","0.00000000000000000000","Fiel Econômico"
"Cba013093","19","4.79","141.02","14.3","2","2","Laticínios","1.00000000000000000000","Fiel Econômico"
"Cbab4c8b6","64","2.93","179.27","3.8","2","2","Laticínios","1.00000000000000000000","Reativo a Promoções"
"Cbb3cd22b","38","5.20","142.71","6.6","3","2","Laticínios","0.66666666666666666667","Reativo a Promoções"
"Cbb8daeb2","35","1.21","169.17","16.7","4","3","Carnes","0.75000000000000000000","Reativo a Promoções"
"Cbc44d9ad","31","1.98","332.70","11.8","4","4","Limpeza","1.00000000000000000000","Reativo a Promoções"
"Cbc552520","33","1.15","341.89","16.7","1","1","Higiene","1.00000000000000000000","Alto Valor Ticket Médio"
"Cbc5a8121","47","1.09","164.18","5.6","4","4","Laticínios","1.00000000000000000000","Reativo a Promoções"
"Cbcb4688d","36","3.76","181.21","7.5","4","2","Laticínios","0.50000000000000000000","Familiar Mensalista"
"Cbdb2ca88","44","1.24","315.01","5.6","1","0","Padaria","0.00000000000000000000","Familiar Mensalista"
"Cbdb7b812","51","1.92","193.55","3.0","5","5","Limpeza","1.00000000000000000000","Reativo a Promoções"
"Cbe458b9e","24","2.20","122.16","5.6","4","2","Padaria","0.50000000000000000000","Familiar Mensalista"
"Cbe78f3ad","39","1.10","356.35","5.6","5","1","Laticínios","0.20000000000000000000","Alto Valor Ticket Médio"
"Cbe7df447","20","4.80","143.30","9.5","3","1","Laticínios","0.33333333333333333333","Fiel Econômico"
"Cbebd27d5","36","2.02","184.76","0.0","1","1","Laticínios","1.00000000000000000000","Reativo a Promoções"
"Cbec30576","60","1.97","178.47","14.7","1","1","Laticínios","1.00000000000000000000","Reativo a Promoções"
"Cbf4d908c","36","1.16","302.84","33.3","4","1","Padaria","0.25000000000000000000","Familiar Mensalista"
"Cbf8f2988","25","1.03","318.67","27.8","1","1","Mercearia","1.00000000000000000000","Reativo a Promoções"
"Cbfbaab7a","30","1.15","337.86","35.3","2","1","Bebidas","0.50000000000000000000","Alto Valor Ticket Médio"
"Cc016562f","46","5.65","149.86","7.9","1","0","Laticínios","0.00000000000000000000","Fiel Econômico"
"Cc091dbf8","29","7.06","140.82","8.9","1","1","Laticínios","1.00000000000000000000","Reativo a Promoções"
"Cc0b30987","62","6.40","144.09","12.3","5","2","Laticínios","0.40000000000000000000","Fiel Econômico"
"Cc0c1cf82","40","1.99","173.74","8.6","2","2","Padaria","1.00000000000000000000","Reativo a Promoções"
"Cc0ff0815","31","2.98","176.72","10.0","1","1","Laticínios","1.00000000000000000000","Reativo a Promoções"
"Cc1b472f9","43","1.26","395.93","0.0","4","1","Laticínios","0.25000000000000000000","Alto Valor Ticket Médio"
"Cc2e7c69d","67","1.06","352.42","11.1","1","0","Laticínios","0.00000000000000000000","Alto Valor Ticket Médio"
"Cc3507786","41","1.05","337.90","22.2","2","1","Laticínios","0.50000000000000000000","Alto Valor Ticket Médio"
"Cc39f79f7","41","4.68","137.81","12.0","3","0","Laticínios","0.00000000000000000000","Fiel Econômico"
"Cc40d60f5","24","4.62","143.24","6.1","3","2","Laticínios","0.66666666666666666667","Reativo a Promoções"
"Cc4aa7ac7","44","6.12","142.74","10.1","1","1","Limpeza","1.00000000000000000000","Reativo a Promoções"
"Cc4fa8e4a","36","0.91","400.60","0.0","3","2","Limpeza","0.66666666666666666667","Alto Valor Ticket Médio"
"Cc4fdd829","47","6.40","143.12","5.2","4","2","Laticínios","0.50000000000000000000","Fiel Econômico"
"Cc534e2ab","51","7.15","142.71","8.6","3","1","Laticínios","0.33333333333333333333","Fiel Econômico"
"Cc54b49f5","43","1.10","344.83","11.1","2","0","Laticínios","0.00000000000000000000","Alto Valor Ticket Médio"
"Cc6773850","18","1.11","398.48","11.1","2","1","Limpeza","0.50000000000000000000","Alto Valor Ticket Médio"
"Cc74ea152","22","1.08","285.97","5.9","1","0","Mercearia","0.00000000000000000000","Familiar Mensalista"
"Cc7b9d425","25","2.10","327.95","11.1","3","0","Laticínios","0.00000000000000000000","Familiar Mensalista"
"Cc7d35fb9","50","5.69","146.73","12.0","1","0","Laticínios","0.00000000000000000000","Fiel Econômico"
"Cc851d6f2","49","1.01","333.42","23.5","3","2","Laticínios","0.66666666666666666667","Reativo a Promoções"
"Cc98571ba","24","5.86","143.14","9.8","2","2","Laticínios","1.00000000000000000000","Reativo a Promoções"
"Cc9958eaa","22","1.01","178.32","5.9","5","3","Padaria","0.60000000000000000000","Familiar Mensalista"
"Cca05e52c","44","6.50","147.52","8.0","3","3","Limpeza","1.00000000000000000000","Reativo a Promoções"
"Ccb4c0bd1","40","4.91","138.53","11.9","4","0","Laticínios","0.00000000000000000000","Fiel Econômico"
"Ccb59fad8","48","1.92","172.86","14.7","5","5","Limpeza","1.00000000000000000000","Reativo a Promoções"
"Ccba933d3","39","1.11","364.25","0.0","1","0","Laticínios","0.00000000000000000000","Alto Valor Ticket Médio"
"Ccbeb8305","33","5.53","146.71","11.2","5","2","Laticínios","0.40000000000000000000","Fiel Econômico"
"Ccd03a68b","37","2.92","141.26","3.9","5","1","Laticínios","0.20000000000000000000","Familiar Mensalista"
"Ccd5c41eb","41","0.96","281.49","11.8","4","1","Carnes","0.25000000000000000000","Familiar Mensalista"
"Cce403602","35","5.50","139.90","10.2","2","1","Laticínios","0.50000000000000000000","Fiel Econômico"
"Ccf0e70a6","18","1.11","308.44","16.7","4","1","Laticínios","0.25000000000000000000","Familiar Mensalista"
"Ccfb73232","41","5.53","135.59","9.1","2","1","Laticínios","0.50000000000000000000","Fiel Econômico"
"Ccfe9a005","48","1.02","310.77","17.6","3","0","Laticínios","0.00000000000000000000","Familiar Mensalista"
"Cd01b15ed","69","2.85","198.16","8.0","2","1","Mercearia","0.50000000000000000000","Familiar Mensalista"
"Cd1677ed9","45","3.88","194.32","8.7","2","1","Laticínios","0.50000000000000000000","Fiel Econômico"
"Cd1fb1a8a","35","2.90","131.89","7.8","4","3","Limpeza","0.75000000000000000000","Reativo a Promoções"
"Cd236464e","51","1.15","325.30","5.6","4","0","Limpeza","0.00000000000000000000","Familiar Mensalista"
"Cd29a4cf9","38","1.04","330.76","16.7","3","0","Laticínios","0.00000000000000000000","Familiar Mensalista"
"Cd2e24762","49","5.72","146.55","10.1","1","1","Laticínios","1.00000000000000000000","Reativo a Promoções"
"Cd2eb387f","61","2.02","172.15","9.1","3","2","Higiene","0.66666666666666666667","Reativo a Promoções"
"Cd2fa8cf8","51","5.43","145.62","11.3","1","0","Limpeza","0.00000000000000000000","Fiel Econômico"
"Cd2fcd876","41","1.02","297.49","16.7","5","2","Padaria","0.40000000000000000000","Familiar Mensalista"
"Cd49651a0","49","0.92","302.32","0.0","3","0","Carnes","0.00000000000000000000","Familiar Mensalista"
"Cd5c1fac7","36","3.04","172.09","11.3","4","3","Laticínios","0.75000000000000000000","Reativo a Promoções"
"Cd5ea6714","46","4.54","156.64","10.3","4","2","Limpeza","0.50000000000000000000","Fiel Econômico"
"Cd654b51c","42","4.93","136.92","14.0","5","1","Laticínios","0.20000000000000000000","Fiel Econômico"
"Cd791266f","52","4.78","152.38","15.3","1","0","Limpeza","0.00000000000000000000","Fiel Econômico"
"Cd792eba8","39","3.17","166.19","1.9","3","2","Limpeza","0.66666666666666666667","Reativo a Promoções"
"Cd7f7fb13","40","1.07","307.03","22.2","3","1","Limpeza","0.33333333333333333333","Familiar Mensalista"
"Cd9b71c58","42","0.91","326.08","18.8","1","1","Laticínios","1.00000000000000000000","Reativo a Promoções"
"Cd9d5a126","18","1.07","322.60","11.1","5","1","Higiene","0.20000000000000000000","Familiar Mensalista"
"Cdbdc9f8e","31","2.06","367.66","5.7","1","0","Limpeza","0.00000000000000000000","Alto Valor Ticket Médio"
"Cdc1a8037","43","1.02","382.31","5.6","4","0","Limpeza","0.00000000000000000000","Alto Valor Ticket Médio"
"Cdc2bce92","50","1.03","328.02","5.6","2","0","Limpeza","0.00000000000000000000","Familiar Mensalista"
"Cdc78bf1c","51","1.34","266.91","5.6","4","2","Laticínios","0.50000000000000000000","Familiar Mensalista"
"Cdce2ba0a","58","1.05","309.17","5.6","3","0","Laticínios","0.00000000000000000000","Familiar Mensalista"
"Cdd19c5f2","29","5.11","147.80","12.6","4","3","Laticínios","0.75000000000000000000","Fiel Econômico"
"Cdd3c9729","44","1.87","164.85","3.1","5","4","Laticínios","0.80000000000000000000","Reativo a Promoções"
"Cdd48373b","39","5.44","142.71","16.5","3","1","Laticínios","0.33333333333333333333","Fiel Econômico"
"Cddc47764","42","1.08","340.26","5.6","5","1","Laticínios","0.20000000000000000000","Alto Valor Ticket Médio"
"Cddffe406","44","1.03","302.84","0.0","1","0","Laticínios","0.00000000000000000000","Familiar Mensalista"
"Cdefa47ec","52","3.92","131.26","10.3","5","3","Laticínios","0.60000000000000000000","Fiel Econômico"
"Cdf3b545a","44","4.82","132.36","9.4","5","3","Limpeza","0.60000000000000000000","Fiel Econômico"
"Cdf567fac","38","1.19","323.89","5.6","2","1","Limpeza","0.50000000000000000000","Familiar Mensalista"
"Cdfec237d","25","1.13","342.76","11.8","1","1","Limpeza","1.00000000000000000000","Alto Valor Ticket Médio"
"Ce0d384c8","49","1.94","169.19","3.0","4","2","Laticínios","0.50000000000000000000","Familiar Mensalista"
"Ce173f096","24","2.86","169.65","10.0","5","5","Limpeza","1.00000000000000000000","Reativo a Promoções"
"Ce1f427e2","36","5.41","142.10","10.4","5","3","Laticínios","0.60000000000000000000","Fiel Econômico"
"Ce308ad74","51","2.04","325.49","14.3","5","0","Limpeza","0.00000000000000000000","Familiar Mensalista"
"Ce3105bb7","25","6.54","133.78","4.3","2","0","Laticínios","0.00000000000000000000","Fiel Econômico"
"Ce32636a0","47","1.92","364.38","8.8","1","0","Laticínios","0.00000000000000000000","Alto Valor Ticket Médio"
"Ce33f18ed","38","3.04","183.70","5.8","5","4","Laticínios","0.80000000000000000000","Reativo a Promoções"
"Ce34cf6cf","38","4.55","130.29","14.1","2","2","Limpeza","1.00000000000000000000","Fiel Econômico"
"Ce3c1e6f9","57","6.88","135.31","10.6","2","1","Laticínios","0.50000000000000000000","Fiel Econômico"
"Ce3f6e8e5","34","1.13","334.49","0.0","1","1","Laticínios","1.00000000000000000000","Reativo a Promoções"
"Ce41f2302","57","4.62","153.80","7.3","3","1","Laticínios","0.33333333333333333333","Fiel Econômico"
"Ce4426a9a","55","4.54","157.13","9.9","3","1","Laticínios","0.33333333333333333333","Fiel Econômico"
"Ce4a17234","33","2.01","188.74","5.9","2","1","Laticínios","0.50000000000000000000","Familiar Mensalista"
"Ce5285733","48","2.01","302.53","17.1","2","0","Limpeza","0.00000000000000000000","Familiar Mensalista"
"Ce64ee16c","36","3.76","133.87","9.0","4","2","Limpeza","0.50000000000000000000","Familiar Mensalista"
"Ce70d8758","53","3.01","178.07","10.0","2","2","Limpeza","1.00000000000000000000","Reativo a Promoções"
"Ce7281c99","48","1.06","401.00","11.8","1","1","Laticínios","1.00000000000000000000","Alto Valor Ticket Médio"
"Ce767aba9","46","4.88","135.77","11.5","5","2","Limpeza","0.40000000000000000000","Fiel Econômico"
"Ce7710e9e","34","1.10","315.87","11.8","5","1","Limpeza","0.20000000000000000000","Familiar Mensalista"
"Ce809cae2","30","2.94","176.03","11.8","2","0","Laticínios","0.00000000000000000000","Familiar Mensalista"
"Ce8d42925","50","1.05","358.36","16.7","2","0","Laticínios","0.00000000000000000000","Alto Valor Ticket Médio"
"Ce8df8e73","51","3.83","188.44","13.2","1","1","Laticínios","1.00000000000000000000","Reativo a Promoções"
"Ce8e966f9","29","1.02","172.71","17.6","1","1","Laticínios","1.00000000000000000000","Reativo a Promoções"
"Ce90bf813","39","1.14","381.25","5.6","3","1","Laticínios","0.33333333333333333333","Alto Valor Ticket Médio"
"Ce920562e","51","3.01","186.04","15.4","1","0","Laticínios","0.00000000000000000000","Familiar Mensalista"
"Ce947e159","40","5.76","146.02","15.7","1","0","Limpeza","0.00000000000000000000","Fiel Econômico"
"Ce99b3753","52","3.05","138.25","22.2","5","2","Laticínios","0.40000000000000000000","Familiar Mensalista"
"Ce9a0e498","18","2.02","282.42","5.7","1","1","Laticínios","1.00000000000000000000","Reativo a Promoções"
"Ce9a2736c","54","5.41","139.56","7.3","2","0","Laticínios","0.00000000000000000000","Fiel Econômico"
"Ce9acf2f7","36","1.08","428.15","11.1","3","0","Laticínios","0.00000000000000000000","Alto Valor Ticket Médio"
"Ce9c55f40","18","0.97","308.39","11.8","3","3","Laticínios","1.00000000000000000000","Reativo a Promoções"
"Ce9feca65","37","3.13","170.75","9.4","2","2","Laticínios","1.00000000000000000000","Reativo a Promoções"
"Cea0d76da","47","2.91","177.92","3.8","1","0","Laticínios","0.00000000000000000000","Familiar Mensalista"
"Ceabbef85","18","6.38","147.78","5.3","5","4","Laticínios","0.80000000000000000000","Reativo a Promoções"
"Ceb28bc26","45","8.32","141.80","10.2","1","1","Laticínios","1.00000000000000000000","Reativo a Promoções"
"Ceb6ab941","37","2.09","173.54","2.8","4","3","Padaria","0.75000000000000000000","Reativo a Promoções"
"Ceba4378c","38","7.12","136.00","8.8","5","1","Limpeza","0.20000000000000000000","Fiel Econômico"
"Cec4f0a70","51","1.21","292.47","5.6","1","1","Carnes","1.00000000000000000000","Reativo a Promoções"
"Ced0c6774","50","8.82","140.32","10.3","1","0","Laticínios","0.00000000000000000000","Fiel Econômico"
"Ced1d85c7","26","3.81","143.96","10.4","3","3","Laticínios","1.00000000000000000000","Reativo a Promoções"
"Ced5ee4fd","62","1.11","386.62","5.9","3","1","Bebidas","0.33333333333333333333","Alto Valor Ticket Médio"
"Ceda8c263","44","3.08","149.98","13.5","3","2","Laticínios","0.66666666666666666667","Reativo a Promoções"
"Cedac69cd","29","2.94","138.24","7.7","2","1","Laticínios","0.50000000000000000000","Familiar Mensalista"
"Cee395e44","46","1.14","343.66","0.0","5","2","Mercearia","0.40000000000000000000","Alto Valor Ticket Médio"
"Ceef4dfb3","40","6.95","142.53","11.3","4","1","Laticínios","0.25000000000000000000","Fiel Econômico"
"Cefa4a304","38","1.12","351.53","22.2","3","1","Laticínios","0.33333333333333333333","Alto Valor Ticket Médio"
"Cefe5b4a1","18","1.14","270.22","16.7","2","1","Limpeza","0.50000000000000000000","Familiar Mensalista"
"Cf04757f6","28","1.19","356.62","5.6","4","3","Limpeza","0.75000000000000000000","Alto Valor Ticket Médio"
"Cf0750230","45","1.16","322.87","0.0","4","1","Laticínios","0.25000000000000000000","Familiar Mensalista"
"Cf0e21971","33","1.08","347.86","11.1","1","0","Laticínios","0.00000000000000000000","Alto Valor Ticket Médio"
"Cf0e2869a","18","1.02","328.07","11.1","4","0","Limpeza","0.00000000000000000000","Familiar Mensalista"
"Cf1a99b81","58","1.06","347.82","5.9","5","4","Limpeza","0.80000000000000000000","Alto Valor Ticket Médio"
"Cf2367db5","44","2.25","173.54","5.7","2","1","Laticínios","0.50000000000000000000","Familiar Mensalista"
"Cf25cff7b","40","5.60","139.46","12.0","5","3","Laticínios","0.60000000000000000000","Fiel Econômico"
"Cf3932df8","30","1.19","313.73","29.4","1","0","Mercearia","0.00000000000000000000","Familiar Mensalista"
"Cf454a8c7","45","4.75","132.62","10.6","3","1","Laticínios","0.33333333333333333333","Fiel Econômico"
"Cf45cba5e","23","1.06","172.15","5.6","2","1","Limpeza","0.50000000000000000000","Familiar Mensalista"
"Cf485aa17","31","1.97","377.44","14.7","3","1","Laticínios","0.33333333333333333333","Alto Valor Ticket Médio"
"Cf486c04a","44","3.88","190.11","8.7","2","1","Laticínios","0.50000000000000000000","Fiel Econômico"
"Cf4978988","45","0.99","291.86","5.9","2","1","Laticínios","0.50000000000000000000","Familiar Mensalista"
"Cf4a4fcbc","33","1.85","367.84","9.1","2","1","Limpeza","0.50000000000000000000","Alto Valor Ticket Médio"
"Cf502b258","31","4.75","150.50","7.1","5","1","Limpeza","0.20000000000000000000","Fiel Econômico"
"Cf523b5e5","32","1.04","383.18","22.2","5","1","Laticínios","0.20000000000000000000","Alto Valor Ticket Médio"
"Cf5939744","26","1.13","379.20","11.1","4","2","Limpeza","0.50000000000000000000","Alto Valor Ticket Médio"
"Cf80423c8","18","1.16","367.92","11.1","2","2","Limpeza","1.00000000000000000000","Alto Valor Ticket Médio"
"Cf9198ac6","43","3.09","181.02","9.4","1","1","Limpeza","1.00000000000000000000","Reativo a Promoções"
"Cf980b70c","30","1.05","377.82","11.1","4","1","Laticínios","0.25000000000000000000","Alto Valor Ticket Médio"
"Cf9e59146","59","2.19","159.57","16.7","5","2","Laticínios","0.40000000000000000000","Familiar Mensalista"
"Cfbf45d4f","27","1.09","328.27","16.7","5","1","Laticínios","0.20000000000000000000","Familiar Mensalista"
"Cfc4b7174","48","6.43","145.61","6.2","3","1","Limpeza","0.33333333333333333333","Fiel Econômico"
"Cfc69c293","40","1.06","450.45","11.8","5","2","Laticínios","0.40000000000000000000","Alto Valor Ticket Médio"
"Cfc9a2e31","18","1.12","197.00","16.7","2","0","Mercearia","0.00000000000000000000","Familiar Mensalista"
"Cfcf419bb","24","3.78","194.70","9.0","5","4","Laticínios","0.80000000000000000000","Reativo a Promoções"
"Cfd194c77","34","1.96","174.21","25.7","5","3","Padaria","0.60000000000000000000","Familiar Mensalista"
"Cfd48e9ee","42","3.68","185.78","12.1","1","0","Laticínios","0.00000000000000000000","Familiar Mensalista"
"Cfd76ade7","43","1.02","315.24","5.6","5","1","Laticínios","0.20000000000000000000","Familiar Mensalista"
"Cfe02d057","38","4.56","136.27","9.8","5","0","Laticínios","0.00000000000000000000","Fiel Econômico"
"Cfe0bbca7","44","1.88","171.64","12.1","3","3","Laticínios","1.00000000000000000000","Reativo a Promoções"
"Cfe6c14ca","38","1.07","336.08","5.6","2","0","Laticínios","0.00000000000000000000","Familiar Mensalista"
"Cfefe952d","57","2.15","355.75","11.4","1","1","Mercearia","1.00000000000000000000","Reativo a Promoções"
"Cff2aa5d3","43","1.04","366.94","16.7","5","0","Laticínios","0.00000000000000000000","Alto Valor Ticket Médio"